id,year,edition,category,award,title,creator,affiliation,archive_url,artifact_urls
GR2023-10-01,2023,3,그림 그리기,최우수상,건강하고 행복가득한 그린리모델링 세상,안서율,성남 미금초등학교,https://greenremodeling.or.kr/n1/challenge/chal7000.asp?workyy=2023&chal_part=10,https://greenremodeling.or.kr/n1/challenge/down.asp?folderName=chal_win&fileName=25120213125141704.jpg&downFileName=(그림그리기)최우수상-안서율(성남 미금초등학교).jpg | https://greenremodeling.or.kr/backoffice/down.asp?folderName=chal_win&fileName=25120213125141704.jpg&downFileName=(그림그리기)최우수상-안서율(성남 미금초등학교).jpg
GR2023-10-02,2023,3,그림 그리기,우수상,아름다운 그린 돋보기,김채율,영천초등학교,https://greenremodeling.or.kr/n1/challenge/chal7000.asp?workyy=2023&chal_part=10,https://greenremodeling.or.kr/n1/challenge/down.asp?folderName=chal_win&fileName=25120213133138744.jpg&downFileName=(그림그리기)우수상-김채율(영천초등학교).jpg | https://greenremodeling.or.kr/backoffice/down.asp?folderName=chal_win&fileName=25120213133138744.jpg&downFileName=(그림그리기)우수상-김채율(영천초등학교).jpg
GR2023-10-03,2023,3,그림 그리기,우수상,그린 리모델링 하우스,이시윤,성신초등학교,https://greenremodeling.or.kr/n1/challenge/chal7000.asp?workyy=2023&chal_part=10,https://greenremodeling.or.kr/n1/challenge/down.asp?folderName=chal_win&fileName=25120213142089751.jpg&downFileName=(그림그리기)우수상-이시윤(성신초등학교).jpg | https://greenremodeling.or.kr/backoffice/down.asp?folderName=chal_win&fileName=25120213142089751.jpg&downFileName=(그림그리기)우수상-이시윤(성신초등학교).jpg
GR2023-10-04,2023,3,그림 그리기,우수상,-,김나은,신우초등학교,https://greenremodeling.or.kr/n1/challenge/chal7000.asp?workyy=2023&chal_part=10,https://greenremodeling.or.kr/n1/challenge/down.asp?folderName=chal_win&fileName=25120216403466633.jpg&downFileName=(그림그리기)우수상-김나은(신우초등학교).jpg | https://greenremodeling.or.kr/backoffice/down.asp?folderName=chal_win&fileName=25120216403466633.jpg&downFileName=(그림그리기)우수상-김나은(신우초등학교).jpg
GR2023-10-05,2023,3,그림 그리기,장려상,심폐소생 지구 리모델링,주가을,길음초등학교,https://greenremodeling.or.kr/n1/challenge/chal7000.asp?workyy=2023&chal_part=10,https://greenremodeling.or.kr/n1/challenge/down.asp?folderName=chal_win&fileName=25120216415220832.jpg&downFileName=(장려) 주가을.jpg | https://greenremodeling.or.kr/backoffice/down.asp?folderName=chal_win&fileName=25120216415220832.jpg&downFileName=(장려) 주가을.jpg
GR2023-10-06,2023,3,그림 그리기,장려상,내가 꿈꾸는 그린리모델링,박채윤,분당 국제BIS학교,https://greenremodeling.or.kr/n1/challenge/chal7000.asp?workyy=2023&chal_part=10,https://greenremodeling.or.kr/n1/challenge/down.asp?folderName=chal_win&fileName=2512021320690308.jpg&downFileName=장려상(한국그린빌딩협의회 회장상)박채윤.jpg | https://greenremodeling.or.kr/backoffice/down.asp?folderName=chal_win&fileName=2512021320690308.jpg&downFileName=장려상(한국그린빌딩협의회 회장상)박채윤.jpg
GR2023-10-07,2023,3,그림 그리기,장려상,그린에너지는 바로 자전거타기,유지원,신우초등학교,https://greenremodeling.or.kr/n1/challenge/chal7000.asp?workyy=2023&chal_part=10,https://greenremodeling.or.kr/n1/challenge/down.asp?folderName=chal_win&fileName=25120213203303034.jpg&downFileName=장려상(한국그린빌딩협의회 회장상)유지원.jpg | https://greenremodeling.or.kr/backoffice/down.asp?folderName=chal_win&fileName=25120213203303034.jpg&downFileName=장려상(한국그린빌딩협의회 회장상)유지원.jpg
GR2023-10-08,2023,3,그림 그리기,장려상,이산화탄소를 줄이는 그린리모델링,최은서,양벌초등학교,https://greenremodeling.or.kr/n1/challenge/chal7000.asp?workyy=2023&chal_part=10,https://greenremodeling.or.kr/n1/challenge/down.asp?folderName=chal_win&fileName=2512021321467478.jpg&downFileName=장려상(한국그린빌딩협의회 회장상)최은서.jpg | https://greenremodeling.or.kr/backoffice/down.asp?folderName=chal_win&fileName=2512021321467478.jpg&downFileName=장려상(한국그린빌딩협의회 회장상)최은서.jpg
GR2023-10-09,2023,3,그림 그리기,장려상,우리는 자연에서 자연과 살고 있어요,김다을,양포초등학교,https://greenremodeling.or.kr/n1/challenge/chal7000.asp?workyy=2023&chal_part=10,https://greenremodeling.or.kr/n1/challenge/down.asp?folderName=chal_win&fileName=25120213212934000.jpg&downFileName=장려상(한국그린빌딩협의회 회장상)김다을.jpg | https://greenremodeling.or.kr/backoffice/down.asp?folderName=chal_win&fileName=25120213212934000.jpg&downFileName=장려상(한국그린빌딩협의회 회장상)김다을.jpg
GR2023-20-01,2023,3,포스터 그리기,최우수상,"지구를 살리는 그린리모델링, 건물에 녹색을 입혀요!",이서영,산내초등학교,https://greenremodeling.or.kr/n1/challenge/chal7000.asp?workyy=2023&chal_part=20,https://greenremodeling.or.kr/n1/challenge/down.asp?folderName=chal_win&fileName=2512021324531328.jpg&downFileName=(포스터그리기)최우수상-이서영(산내초등학교).jpg | https://greenremodeling.or.kr/backoffice/down.asp?folderName=chal_win&fileName=2512021324531328.jpg&downFileName=(포스터그리기)최우수상-이서영(산내초등학교).jpg
GR2023-20-02,2023,3,포스터 그리기,우수상,에너지효율! 환경개선! 그린리모델링!,양벌초등학교,장여진,https://greenremodeling.or.kr/n1/challenge/chal7000.asp?workyy=2023&chal_part=20,https://greenremodeling.or.kr/n1/challenge/down.asp?folderName=chal_win&fileName=25120213252394582.jpg&downFileName=(포스터그리기)우수상-장여진(양벌초등학교).jpg | https://greenremodeling.or.kr/backoffice/down.asp?folderName=chal_win&fileName=25120213252394582.jpg&downFileName=(포스터그리기)우수상-장여진(양벌초등학교).jpg
GR2023-20-03,2023,3,포스터 그리기,우수상,Green Re_Modeling,박주아,삼영초등학교,https://greenremodeling.or.kr/n1/challenge/chal7000.asp?workyy=2023&chal_part=20,https://greenremodeling.or.kr/n1/challenge/down.asp?folderName=chal_win&fileName=25120213261260123.jpg&downFileName=(포스터그리기)우수상-박주아(삼영초등학교).jpg | https://greenremodeling.or.kr/backoffice/down.asp?folderName=chal_win&fileName=25120213261260123.jpg&downFileName=(포스터그리기)우수상-박주아(삼영초등학교).jpg
GR2023-20-04,2023,3,포스터 그리기,우수상,그린리모델링은 작은 실천에서부터 시작된다,김지우,송포초등학교,https://greenremodeling.or.kr/n1/challenge/chal7000.asp?workyy=2023&chal_part=20,https://greenremodeling.or.kr/n1/challenge/down.asp?folderName=chal_win&fileName=25120213263749502.jpg&downFileName=(포스터그리기)우수상-김지우(송포초등학교).jpg | https://greenremodeling.or.kr/backoffice/down.asp?folderName=chal_win&fileName=25120213263749502.jpg&downFileName=(포스터그리기)우수상-김지우(송포초등학교).jpg
GR2023-20-05,2023,3,포스터 그리기,장려상,우리의 지구를 살리는 그린리모델링,장예은,양벌초등학교,https://greenremodeling.or.kr/n1/challenge/chal7000.asp?workyy=2023&chal_part=20,https://greenremodeling.or.kr/n1/challenge/down.asp?folderName=chal_win&fileName=2512021327962441.jpg&downFileName=장려상(한국그린빌딩협의회 회장상)장예은.jpg | https://greenremodeling.or.kr/backoffice/down.asp?folderName=chal_win&fileName=2512021327962441.jpg&downFileName=장려상(한국그린빌딩협의회 회장상)장예은.jpg
GR2023-20-06,2023,3,포스터 그리기,장려상,폐교를 살리면 미래가 살아나요!,이예림,경산 정평초등학교,https://greenremodeling.or.kr/n1/challenge/chal7000.asp?workyy=2023&chal_part=20,https://greenremodeling.or.kr/n1/challenge/down.asp?folderName=chal_win&fileName=25120213273840267.jpg&downFileName=장려상(한국그린빌딩협의회 회장상)이예림.jpg | https://greenremodeling.or.kr/backoffice/down.asp?folderName=chal_win&fileName=25120213273840267.jpg&downFileName=장려상(한국그린빌딩협의회 회장상)이예림.jpg
GR2023-20-07,2023,3,포스터 그리기,장려상,그린리모델링 하우스로 초대합니다!,원준해,양벌초등학교,https://greenremodeling.or.kr/n1/challenge/chal7000.asp?workyy=2023&chal_part=20,https://greenremodeling.or.kr/n1/challenge/down.asp?folderName=chal_win&fileName=2512021328172994.jpg&downFileName=장려상(한국그린빌딩협의회 회장상)원준해.jpg | https://greenremodeling.or.kr/backoffice/down.asp?folderName=chal_win&fileName=2512021328172994.jpg&downFileName=장려상(한국그린빌딩협의회 회장상)원준해.jpg
GR2023-20-08,2023,3,포스터 그리기,장려상,Eco Green Nature,백서빈,포항제철지곡초등학교,https://greenremodeling.or.kr/n1/challenge/chal7000.asp?workyy=2023&chal_part=20,https://greenremodeling.or.kr/n1/challenge/down.asp?folderName=chal_win&fileName=25120213283354336.jpg&downFileName=장려상(한국그린빌딩협의회 회장상)백서빈.jpg | https://greenremodeling.or.kr/backoffice/down.asp?folderName=chal_win&fileName=25120213283354336.jpg&downFileName=장려상(한국그린빌딩협의회 회장상)백서빈.jpg
GR2023-20-09,2023,3,포스터 그리기,장려상,그린리모델링으로 인한 나비효과,이연지,길음초등학교,https://greenremodeling.or.kr/n1/challenge/chal7000.asp?workyy=2023&chal_part=20,https://greenremodeling.or.kr/n1/challenge/down.asp?folderName=chal_win&fileName=2512021329164274.jpg&downFileName=장려상(한국그린빌딩협의회 회장상)이연지.jpg | https://greenremodeling.or.kr/backoffice/down.asp?folderName=chal_win&fileName=2512021329164274.jpg&downFileName=장려상(한국그린빌딩협의회 회장상)이연지.jpg
GR2023-90-01,2023,3,홍보 굿즈 제작,최우수상,Green MBTI 책갈피,박다솜,-,https://greenremodeling.or.kr/n1/challenge/chal7000.asp?workyy=2023&chal_part=90,https://greenremodeling.or.kr/n1/challenge/down.asp?folderName=chal_win&fileName=2512269482671755.pdf&downFileName=(홍보굿즈제작)최우수상-박다솜(일반 소속없음).pdf
GR2023-90-02,2023,3,홍보 굿즈 제작,우수상,"굿즈, 리플렛, 인포메이션 등",김지원,국립목포대학교,https://greenremodeling.or.kr/n1/challenge/chal7000.asp?workyy=2023&chal_part=90,https://greenremodeling.or.kr/n1/challenge/down.asp?folderName=chal_win&fileName=251226951341041.pdf&downFileName=(홍보굿즈제작)우수상-김지원(국립목포대학교).pdf
GR2023-90-03,2023,3,홍보 굿즈 제작,우수상,"스마트 콘센트, 제로웨이스트 키트, 리유저블백",윤지영,중앙대학교,https://greenremodeling.or.kr/n1/challenge/chal7000.asp?workyy=2023&chal_part=90,https://greenremodeling.or.kr/n1/challenge/down.asp?folderName=chal_win&fileName=2512269515523844.pdf&downFileName=(홍보굿즈제작)우수상-윤지영(중앙대학교).pdf
GR2023-90-04,2023,3,홍보 굿즈 제작,우수상,"티셔츠, 에코백, 텀블러 등",최현우,경북대학교,https://greenremodeling.or.kr/n1/challenge/chal7000.asp?workyy=2023&chal_part=90,https://greenremodeling.or.kr/n1/challenge/down.asp?folderName=chal_win&fileName=2512269525519724.pdf&downFileName=(홍보굿즈제작)우수상-최현우(경북대학교).pdf
GR2023-91-01,2023,3,홍보송,최우수상,(최우수) 홍보송,"하옥찬, 진현범",예향엔터테인먼트,https://greenremodeling.or.kr/n1/challenge/chal7000.asp?workyy=2023&chal_part=91,"https://greenremodeling.or.kr/n1/challenge/down.asp?folderName=chal_win&fileName=2512269534458506.mp3&downFileName=(홍보송)최우수상-하옥찬,진현범(일반).mp3"
GR2023-91-02,2023,3,홍보송,우수상,(우수상) 홍보송,"장우영, 이재호, 최현우",경북대학교,https://greenremodeling.or.kr/n1/challenge/chal7000.asp?workyy=2023&chal_part=91,"https://greenremodeling.or.kr/n1/challenge/down.asp?folderName=chal_win&fileName=2512269541695347.mp3&downFileName=(홍보송)우수상-장우영,이재호,최현우(경북대).mp3"
GR2023-91-03,2023,3,홍보송,장려상,(장려상) 홍보송,"최신범, 김하경",경북대학교,https://greenremodeling.or.kr/n1/challenge/chal7000.asp?workyy=2023&chal_part=91,"https://greenremodeling.or.kr/n1/challenge/down.asp?folderName=chal_win&fileName=2512269543961211.mp3&downFileName=(홍보송)장려상1-최신범,김하경.mp3"
GR2023-91-04,2023,3,홍보송,장려상,(장려상) 홍보송,채별하,-,https://greenremodeling.or.kr/n1/challenge/chal7000.asp?workyy=2023&chal_part=91,https://greenremodeling.or.kr/n1/challenge/down.asp?folderName=chal_win&fileName=2512269545517828.mp3&downFileName=(홍보송)장려상2-채별하.mp3
GR2023-91-05,2023,3,홍보송,장려상,(장려상) 홍보송,"노유나, 박민석",경북대학교,https://greenremodeling.or.kr/n1/challenge/chal7000.asp?workyy=2023&chal_part=91,"https://greenremodeling.or.kr/n1/challenge/down.asp?folderName=chal_win&fileName=2512269551267258.mp3&downFileName=(홍보송)장려상3-노유나,박민석.mp3"
GR2023-70-01,2023,3,UCC제작,최우수상,(최우수) UCC 제작,"김덕영, 김민경, 김무기",경북대학교,https://greenremodeling.or.kr/n1/challenge/chal7000.asp?workyy=2023&chal_part=70,"https://greenremodeling.or.kr/n1/challenge/down.asp?folderName=chal_win&fileName=2512269561349776.mp4&downFileName=(UCC)최우수상-김덕영,김민경,김무기(경북대학교).mp4"
GR2023-70-02,2023,3,UCC제작,우수상,(우수상) UCC 제작,"신지현, 김세희",한국영상대학교,https://greenremodeling.or.kr/n1/challenge/chal7000.asp?workyy=2023&chal_part=70,"https://greenremodeling.or.kr/n1/challenge/down.asp?folderName=chal_win&fileName=2512269565390291.mp4&downFileName=(UCC)우수상1-신지현,김세희(한국영상대학교).mp4"
GR2023-70-03,2023,3,UCC제작,우수상,(우수상) UCC 제작,"김하람, 이진주",한밭대학교,https://greenremodeling.or.kr/n1/challenge/chal7000.asp?workyy=2023&chal_part=70,"https://greenremodeling.or.kr/n1/challenge/down.asp?folderName=chal_win&fileName=2512269571502692.mp4&downFileName=(UCC)우수상3-김하람,이진주(한밭대학교).mp4"
GR2023-70-04,2023,3,UCC제작,우수상,(우수상) UCC 제작,"이석희, 박재원, 윤자연",경북대학교,https://greenremodeling.or.kr/n1/challenge/chal7000.asp?workyy=2023&chal_part=70,"https://greenremodeling.or.kr/n1/challenge/down.asp?folderName=chal_win&fileName=2512269573887636.mp4&downFileName=(UCC)우수상2-이석희,박재원,윤자연(경북대학교).mp4"
GR2023-70-05,2023,3,UCC제작,장려상,(장려상) UCC 제작,"장유정, 김지후, 이찬우",경북대학교,https://greenremodeling.or.kr/n1/challenge/chal7000.asp?workyy=2023&chal_part=70,"https://greenremodeling.or.kr/n1/challenge/down.asp?folderName=chal_win&fileName=2512269581302920.mp4&downFileName=장려상(대한설비공학회 회장상)장유정, 김지후, 이찬우.mp4"
GR2023-70-06,2023,3,UCC제작,장려상,(장려상) UCC 제작,"문소희, 박세현, 신은지",경북대학교,https://greenremodeling.or.kr/n1/challenge/chal7000.asp?workyy=2023&chal_part=70,"https://greenremodeling.or.kr/n1/challenge/down.asp?folderName=chal_win&fileName=2512269583709362.mp4&downFileName=장려상(대한설비공학회 회장상)문소희, 박세현, 신은지.mp4"
GR2023-40-01,2023,3,에너지 및 온실가스 저감,최우수상,Green Garden Library,"최지원, 전상현, 김양수",중앙대학교,https://greenremodeling.or.kr/n1/challenge/chal7000.asp?workyy=2023&chal_part=40,"https://greenremodeling.or.kr/n1/challenge/down.asp?folderName=chal_win&fileName=25120217472795943.pdf&downFileName=Green Garden Library_최지원,전상현,김양수(중앙대학교).pdf"
GR2023-40-02,2023,3,에너지 및 온실가스 저감,우수상,친환경 소통도서관,"천영록, 장준영, 김태수",성균관대학교,https://greenremodeling.or.kr/n1/challenge/chal7000.asp?workyy=2023&chal_part=40,"https://greenremodeling.or.kr/n1/challenge/down.asp?folderName=chal_win&fileName=25120217504065975.pdf&downFileName=소통도서관_천영록,장준영,김태수(성균관대학교).pdf"
GR2023-40-03,2023,3,에너지 및 온실가스 저감,우수상,Reading Road,"차혜림, 김경현, 김민서",공주대학교,https://greenremodeling.or.kr/n1/challenge/chal7000.asp?workyy=2023&chal_part=40,"https://greenremodeling.or.kr/n1/challenge/down.asp?folderName=chal_win&fileName=2512021753509669.pdf&downFileName=Reading Road_차혜림,김경현,김민서(공주대학교).pdf"
GR2023-40-04,2023,3,에너지 및 온실가스 저감,우수상,OCTA Library,"박준형, 오인혁",충북대학교,https://greenremodeling.or.kr/n1/challenge/chal7000.asp?workyy=2023&chal_part=40,"https://greenremodeling.or.kr/n1/challenge/down.asp?folderName=chal_win&fileName=25120217533556830.pdf&downFileName=OCTA Library_박준형,오인혁(충북대학교).pdf"
GR2023-40-05,2023,3,에너지 및 온실가스 저감,장려상,PUZZLE,"강찬혁, 김유환, 엄미현",광운대학교,https://greenremodeling.or.kr/n1/challenge/chal7000.asp?workyy=2023&chal_part=40,"https://greenremodeling.or.kr/n1/challenge/down.asp?folderName=chal_win&fileName=25120217542003736.pdf&downFileName=장려상(한국그린빌딩협의회 회장장)강찬혁,김유환,엄미현(광운대학교)-PUZZLE.pdf"
GR2023-40-06,2023,3,에너지 및 온실가스 저감,장려상,BREEZE FOR BREATH,"박영민, 김광희, 박지원",경상국립대학교,https://greenremodeling.or.kr/n1/challenge/chal7000.asp?workyy=2023&chal_part=40,"https://greenremodeling.or.kr/n1/challenge/down.asp?folderName=chal_win&fileName=25120217545734943.pdf&downFileName=장려상(한국그린빌딩협의회 회장상)박영민,김광희,박지원(경상국립대학교)-BREEZE FOR BREATH.pdf"
GR2023-40-07,2023,3,에너지 및 온실가스 저감,장려상,Breath: Sustainable Library,"성효경, 조예린, 최수연",부산대학교,https://greenremodeling.or.kr/n1/challenge/chal7000.asp?workyy=2023&chal_part=40,"https://greenremodeling.or.kr/n1/challenge/down.asp?folderName=chal_win&fileName=25120217562131786.pdf&downFileName=장려상(한국그린빌딩협의회 회장상)성효경,조예린,최수연(부산대학교)-BREAH_SUSTAINABLE LIBRARY.pdf"
GR2023-40-08,2023,3,에너지 및 온실가스 저감,장려상,P-A-TH,"김돈겸, 김대헌, 황보정빈",조선대학교,https://greenremodeling.or.kr/n1/challenge/chal7000.asp?workyy=2023&chal_part=40,"https://greenremodeling.or.kr/n1/challenge/down.asp?folderName=chal_win&fileName=2512021758806994.pdf&downFileName=장려상(한국그린빌딩협의회 회장상)김돈겸,김대헌,황보정빈-P-A-TH.pdf"
GR2024-10-01,2024,4,"그림 그리기(유치부,초등1)",최우수상,초록 초록 우리 마을,안예빈,홍북초등학교 병설유치원,https://greenremodeling.or.kr/n1/challenge/chal7000.asp?workyy=2024&chal_part=10,https://greenremodeling.or.kr/n1/challenge/down.asp?folderName=chal_win&fileName=2512021592371690.jpg&downFileName=01. (최우수상) 초록 초록 우리 마을(안예빈_홍북초등학교 병설유치원).jpg | https://greenremodeling.or.kr/backoffice/down.asp?folderName=chal_win&fileName=2512021592371690.jpg&downFileName=01. (최우수상) 초록 초록 우리 마을(안예빈_홍북초등학교 병설유치원).jpg
GR2024-10-02,2024,4,"그림 그리기(유치부,초등1)",우수상,무지개 자전거 에너지 그린하우스,손민준,순천 매안초등학교,https://greenremodeling.or.kr/n1/challenge/chal7000.asp?workyy=2024&chal_part=10,https://greenremodeling.or.kr/n1/challenge/down.asp?folderName=chal_win&fileName=2512021510273643.jpg&downFileName=02. (우수상) 무지개 자전거 에너지 그린하우스(손민준_순천 매안초등학교 1학년).jpg | https://greenremodeling.or.kr/backoffice/down.asp?folderName=chal_win&fileName=2512021510273643.jpg&downFileName=02. (우수상) 무지개 자전거 에너지 그린하우스(손민준_순천 매안초등학교 1학년).jpg
GR2024-10-03,2024,4,"그림 그리기(유치부,초등1)",장려상,"도시를 건강하게! ""그린리모델링""",송아윤,소망유치원,https://greenremodeling.or.kr/n1/challenge/chal7000.asp?workyy=2024&chal_part=10,"https://greenremodeling.or.kr/n1/challenge/down.asp?folderName=chal_win&fileName=25120215103151084.jpg&downFileName=03. (장려상) 도시를 건강하게, 그린리모델링(소망유치원 송아윤).jpg | https://greenremodeling.or.kr/backoffice/down.asp?folderName=chal_win&fileName=25120215103151084.jpg&downFileName=03. (장려상) 도시를 건강하게, 그린리모델링(소망유치원 송아윤).jpg"
GR2024-11-01,2024,4,"그림 그리기(초등2,3)",최우수상,그린리모델링으로 함께 가는 길,김루시,광교초등학교,https://greenremodeling.or.kr/n1/challenge/chal7000.asp?workyy=2024&chal_part=11,https://greenremodeling.or.kr/n1/challenge/down.asp?folderName=chal_win&fileName=25120215111007491.jpg&downFileName=(최우수) 김루시.jpg | https://greenremodeling.or.kr/backoffice/down.asp?folderName=chal_win&fileName=25120215111007491.jpg&downFileName=(최우수) 김루시.jpg
GR2024-11-02,2024,4,"그림 그리기(초등2,3)",우수상,그린리모델링 끌어 안아요,유아진,인천 한별초등학교,https://greenremodeling.or.kr/n1/challenge/chal7000.asp?workyy=2024&chal_part=11,https://greenremodeling.or.kr/n1/challenge/down.asp?folderName=chal_win&fileName=25120215114017208.jpg&downFileName=(우수) 유아진.jpg | https://greenremodeling.or.kr/backoffice/down.asp?folderName=chal_win&fileName=25120215114017208.jpg&downFileName=(우수) 유아진.jpg
GR2024-11-03,2024,4,"그림 그리기(초등2,3)",장려상,새롭게 단장하는 그린리모델링,신지안,인천 이음초등학교,https://greenremodeling.or.kr/n1/challenge/chal7000.asp?workyy=2024&chal_part=11,https://greenremodeling.or.kr/n1/challenge/down.asp?folderName=chal_win&fileName=25120215161415189.jpg&downFileName=(장려) 신지안.jpg | https://greenremodeling.or.kr/backoffice/down.asp?folderName=chal_win&fileName=25120215161415189.jpg&downFileName=(장려) 신지안.jpg
GR2024-11-04,2024,4,"그림 그리기(초등2,3)",장려상,아직 안 늦었어. 나를 튼튼한 새 집으로 그린리모델링 부탁해,김소연,안산 해양초등학교,https://greenremodeling.or.kr/n1/challenge/chal7000.asp?workyy=2024&chal_part=11,https://greenremodeling.or.kr/n1/challenge/down.asp?folderName=chal_win&fileName=25120215164710752.jpeg&downFileName=(장려) 김소연.jpeg | https://greenremodeling.or.kr/backoffice/down.asp?folderName=chal_win&fileName=25120215164710752.jpeg&downFileName=(장려) 김소연.jpeg
GR2024-11-05,2024,4,"그림 그리기(초등2,3)",장려상,다 함께 그린리모델링,최은율,인천 한별초등학교,https://greenremodeling.or.kr/n1/challenge/chal7000.asp?workyy=2024&chal_part=11,https://greenremodeling.or.kr/n1/challenge/down.asp?folderName=chal_win&fileName=25120215172531567.jpg&downFileName=(장려) 최은율.jpg | https://greenremodeling.or.kr/backoffice/down.asp?folderName=chal_win&fileName=25120215172531567.jpg&downFileName=(장려) 최은율.jpg
GR2024-20-01,2024,4,포스터 그리기,최우수상,그린리모델링으로 새로 태어나는 지구환경,김유준,서울영도초등학교,https://greenremodeling.or.kr/n1/challenge/chal7000.asp?workyy=2024&chal_part=20,https://greenremodeling.or.kr/n1/challenge/down.asp?folderName=chal_win&fileName=25120215191477666.jpg&downFileName=(최우수) 김유준.jpg | https://greenremodeling.or.kr/backoffice/down.asp?folderName=chal_win&fileName=25120215191477666.jpg&downFileName=(최우수) 김유준.jpg
GR2024-20-02,2024,4,포스터 그리기,우수상,함께해요! 그린리모델링,오주아,서울고명초등학교,https://greenremodeling.or.kr/n1/challenge/chal7000.asp?workyy=2024&chal_part=20,https://greenremodeling.or.kr/n1/challenge/down.asp?folderName=chal_win&fileName=25120215194292058.jpg&downFileName=(우수) 오주아.jpg | https://greenremodeling.or.kr/backoffice/down.asp?folderName=chal_win&fileName=25120215194292058.jpg&downFileName=(우수) 오주아.jpg
GR2024-20-03,2024,4,포스터 그리기,장려상,에너지 리(RE) 빌딩,정지석,서울명덕초등학교,https://greenremodeling.or.kr/n1/challenge/chal7000.asp?workyy=2024&chal_part=20,https://greenremodeling.or.kr/n1/challenge/down.asp?folderName=chal_win&fileName=25120215211575310.jpg&downFileName=(장려) 정지석.jpg | https://greenremodeling.or.kr/backoffice/down.asp?folderName=chal_win&fileName=25120215211575310.jpg&downFileName=(장려) 정지석.jpg
GR2024-20-04,2024,4,포스터 그리기,장려상,에너지 효율을 높이는 그린리모델링으로 지구가 건강해져요!,홍새연,서울목운초등학교,https://greenremodeling.or.kr/n1/challenge/chal7000.asp?workyy=2024&chal_part=20,https://greenremodeling.or.kr/n1/challenge/down.asp?folderName=chal_win&fileName=25120215214537244.jpg&downFileName=(장려) 홍새연.jpg | https://greenremodeling.or.kr/backoffice/down.asp?folderName=chal_win&fileName=25120215214537244.jpg&downFileName=(장려) 홍새연.jpg
GR2024-20-05,2024,4,포스터 그리기,장려상,지구를 위한 에너지 그린리모델링,박서윤,온양풍기초등학교,https://greenremodeling.or.kr/n1/challenge/chal7000.asp?workyy=2024&chal_part=20,https://greenremodeling.or.kr/n1/challenge/down.asp?folderName=chal_win&fileName=25120215221219746.jpg&downFileName=(장려) 박서윤.jpg | https://greenremodeling.or.kr/backoffice/down.asp?folderName=chal_win&fileName=25120215221219746.jpg&downFileName=(장려) 박서윤.jpg
GR2024-30-01,2024,4,글짓기,우수상,탄소아파트 입주민분들께,서지율,원화중학교,https://greenremodeling.or.kr/n1/challenge/chal7000.asp?workyy=2024&chal_part=30,https://greenremodeling.or.kr/n1/challenge/down.asp?folderName=chal_win&fileName=25120215271234487.hwp&downFileName=(우수상) 탄소아파트 입주민분들께(서지율).hwp
GR2024-30-02,2024,4,글짓기,우수상,"그린리모델링, 지구를 구하는 영웅",김자영,원화중학교,https://greenremodeling.or.kr/n1/challenge/chal7000.asp?workyy=2024&chal_part=30,"https://greenremodeling.or.kr/n1/challenge/down.asp?folderName=chal_win&fileName=25120215274814431.hwp&downFileName=(우수상) 그린리모델링, 지구를 구하는 영웅(김자영).hwp"
GR2024-30-03,2024,4,글짓기,장려상,"그린리모델링의 그림자, 그럼에도",장재민,부산동고등학교,https://greenremodeling.or.kr/n1/challenge/chal7000.asp?workyy=2024&chal_part=30,"https://greenremodeling.or.kr/n1/challenge/down.asp?folderName=chal_win&fileName=25120215281659341.hwp&downFileName=(장려상) 그린리모델링의 그림자, 그럼에도(장재민).hwp"
GR2024-30-04,2024,4,글짓기,장려상,"지구라는 집을 지키기 위한 첫 단계, 친환경 건축",임세희,원화중학교,https://greenremodeling.or.kr/n1/challenge/chal7000.asp?workyy=2024&chal_part=30,"https://greenremodeling.or.kr/n1/challenge/down.asp?folderName=chal_win&fileName=25120215284050497.hwp&downFileName=(장려상) 지구라는 집을 지키기 위한 첫 단계, 친환경 건축(임세희).hwp"
GR2024-30-05,2024,4,글짓기,장려상,우리의 `집`을 위한 그린리모델링!,박세현,구미제일고등학교,https://greenremodeling.or.kr/n1/challenge/chal7000.asp?workyy=2024&chal_part=30,https://greenremodeling.or.kr/n1/challenge/down.asp?folderName=chal_win&fileName=2512101944585841.hwp&downFileName=(장려상) 우리의 '집'을 위한 그린리모델링(박세현).hwp
GR2024-40-01,2024,4,에너지 및 온실가스 저감,최우수상,NATURE INTERFLOW,"김재석, 이동훈",숭실대학교,https://greenremodeling.or.kr/n1/challenge/chal7000.asp?workyy=2024&chal_part=40,https://greenremodeling.or.kr/n1/challenge/down.asp?folderName=chal_win&fileName=2512102031633990.pdf&downFileName=(최우수) NATURE INTERFLOW.pdf
GR2024-40-02,2024,4,에너지 및 온실가스 저감,우수상,푸르른,"문기원, 김성현","동아대학교, 국립금오공과대학교",https://greenremodeling.or.kr/n1/challenge/chal7000.asp?workyy=2024&chal_part=40,https://greenremodeling.or.kr/n1/challenge/down.asp?folderName=chal_win&fileName=25120215344473962.pdf&downFileName=(우수상) 푸르른.pdf
GR2024-40-03,2024,4,에너지 및 온실가스 저감,우수상,"초고령도시를 위한 탄소중립 그린리모델링, 세대를 잇다",이수진,국립창원대학교,https://greenremodeling.or.kr/n1/challenge/chal7000.asp?workyy=2024&chal_part=40,"https://greenremodeling.or.kr/n1/challenge/down.asp?folderName=chal_win&fileName=25120215352180242.pdf&downFileName=(우수상) 초고령도시를 위한 탄소중립 그린리모델링, 세대를 잇다.pdf"
GR2024-40-04,2024,4,에너지 및 온실가스 저감,장려상,Kinder Light,강성택,연세대학교,https://greenremodeling.or.kr/n1/challenge/chal7000.asp?workyy=2024&chal_part=40,https://greenremodeling.or.kr/n1/challenge/down.asp?folderName=chal_win&fileName=25120215355449413.pdf&downFileName=(장려상) Kinder Light_.pdf
GR2024-40-05,2024,4,에너지 및 온실가스 저감,장려상,햇살아래 어린이집,"최성현, 이동근, 박세진",성균관대학교,https://greenremodeling.or.kr/n1/challenge/chal7000.asp?workyy=2024&chal_part=40,https://greenremodeling.or.kr/n1/challenge/down.asp?folderName=chal_win&fileName=25120215361922753.pdf&downFileName=(장려상) 햇살아래 어린이집.pdf
GR2024-40-06,2024,4,에너지 및 온실가스 저감,장려상,Sunlit Grove for Elderly,"이재훈, 남현우, 배진희",동아대학교,https://greenremodeling.or.kr/n1/challenge/chal7000.asp?workyy=2024&chal_part=40,https://greenremodeling.or.kr/n1/challenge/down.asp?folderName=chal_win&fileName=25120215365299035.pdf&downFileName=(장려상) Sunlit Grove for Elderly.pdf
GR2024-50-01,2024,4,쇼츠(Shorts) 영상 제작,최우수상,(최우수) 쇼츠 영상,"장유정, 김지후, 윤동준",경북대학교,https://greenremodeling.or.kr/n1/challenge/chal7000.asp?workyy=2024&chal_part=50,https://greenremodeling.or.kr/n1/challenge/down.asp?folderName=chal_win&fileName=2512269403565220.mp4&downFileName=01. (최우수상) 쇼츠(장유정 김지후 윤동준_경북대학교).mp4
GR2024-50-02,2024,4,쇼츠(Shorts) 영상 제작,우수상,(우수) 쇼츠 영상,박수진,계명대학교,https://greenremodeling.or.kr/n1/challenge/chal7000.asp?workyy=2024&chal_part=50,https://greenremodeling.or.kr/n1/challenge/down.asp?folderName=chal_win&fileName=2512021541148603.mp4&downFileName=(우수상) 계명대_박수진.mp4
GR2024-50-03,2024,4,쇼츠(Shorts) 영상 제작,우수상,(우수) 쇼츠 영상,김민주,성균관대학교,https://greenremodeling.or.kr/n1/challenge/chal7000.asp?workyy=2024&chal_part=50,https://greenremodeling.or.kr/n1/challenge/down.asp?folderName=chal_win&fileName=25120215412494672.mp4&downFileName=(우수상) 성균관대_김민주.mp4
GR2024-50-04,2024,4,쇼츠(Shorts) 영상 제작,장려상,(장려) 쇼츠 영상,"서수연, 강동규, 윤효준",중앙대학교,https://greenremodeling.or.kr/n1/challenge/chal7000.asp?workyy=2024&chal_part=50,"https://greenremodeling.or.kr/n1/challenge/down.asp?folderName=chal_win&fileName=25120215423274305.mp4&downFileName=(장려상) 중앙대_서수연,강동규,윤효준.mp4"
GR2024-50-05,2024,4,쇼츠(Shorts) 영상 제작,장려상,(장려) 쇼츠 영상,"윤윤환, 한동현, 허준석",경북대학교,https://greenremodeling.or.kr/n1/challenge/chal7000.asp?workyy=2024&chal_part=50,"https://greenremodeling.or.kr/n1/challenge/down.asp?folderName=chal_win&fileName=25120215472297764.mp4&downFileName=(장려상) 경북대_윤윤환,한동현,허준석.mp4"
GR2024-50-06,2024,4,쇼츠(Shorts) 영상 제작,장려상,(장려) 쇼츠 영상,오현아,충남대학교,https://greenremodeling.or.kr/n1/challenge/chal7000.asp?workyy=2024&chal_part=50,https://greenremodeling.or.kr/n1/challenge/down.asp?folderName=chal_win&fileName=2512021549329539.mp4&downFileName=(장려상) 충남대 오현아.mp4
GR2024-60-01,2024,4,아이디어 발굴,최우수상,실내 조도량에 따른 각도 조절 광선반 시스템에 관한 제안 - 모듈러 공법이 적용된 `학교 건축물`을 중심으로,"전서영, 이유진, 지소윤",이화여자대학교,https://greenremodeling.or.kr/n1/challenge/chal7000.asp?workyy=2024&chal_part=60,https://greenremodeling.or.kr/n1/challenge/down.asp?folderName=chal_win&fileName=2512021553564086.hwp&downFileName=(최우수) 실내 조도량에 따른 각도 조절 광선반 시스템에 관한 제안 - 모듈러 공법이 적용된 '학교 건축물'을 중심으로.hwp
GR2024-60-02,2024,4,아이디어 발굴,우수상,자연환기에 도움을 주는 파사드디자인 연구,김병수,울산대학교,https://greenremodeling.or.kr/n1/challenge/chal7000.asp?workyy=2024&chal_part=60,https://greenremodeling.or.kr/n1/challenge/down.asp?folderName=chal_win&fileName=25120215534700420.hwp&downFileName=(우수) 자연환기에 도움을 주는 파사드디자인 연구.hwp
GR2024-60-03,2024,4,아이디어 발굴,우수상,내 주변 그린리모델링 찾아주는 그린리모델링 MAP,이영호,대한상회유통회사,https://greenremodeling.or.kr/n1/challenge/chal7000.asp?workyy=2024&chal_part=60,https://greenremodeling.or.kr/n1/challenge/down.asp?folderName=chal_win&fileName=25120215542684411.hwp&downFileName=(우수) 내 주변 그린리모델링 찾아주는 그린리모델링 MAP.hwp
GR2024-60-04,2024,4,아이디어 발굴,장려상,그린리모델링 에코 게스트하우스,박상아,-,https://greenremodeling.or.kr/n1/challenge/chal7000.asp?workyy=2024&chal_part=60,https://greenremodeling.or.kr/n1/challenge/down.asp?folderName=chal_win&fileName=25120215551686150.hwp&downFileName=(장려) 그린리모델링 에코 게스트하우스.hwp
GR2024-60-05,2024,4,아이디어 발굴,장려상,농촌 주거 환경 개선을 위한 그린리모델링 가이드라인 개발 및 지원 방안,"이한, 조현진, 이세비","한양대학교, 한국방송통신대학교, 서울과학종합대학원대학교",https://greenremodeling.or.kr/n1/challenge/chal7000.asp?workyy=2024&chal_part=60,https://greenremodeling.or.kr/n1/challenge/down.asp?folderName=chal_win&fileName=25120215561158814.hwp&downFileName=(장려) 농촌 주거 환경 개선을 위한 그린리모델링 가이드라인 개발 및 지원 방안.hwp
GR2024-60-06,2024,4,아이디어 발굴,장려상,실사용량 기반 에너지 시그니처를 활용한 그린리모델링 효과분석 및 우선순위 선정,"이도연, 이경재, 황정윤",건국대학교,https://greenremodeling.or.kr/n1/challenge/chal7000.asp?workyy=2024&chal_part=60,https://greenremodeling.or.kr/n1/challenge/down.asp?folderName=chal_win&fileName=25120215565832404.hwp&downFileName=(장려) 실사용량 기반 에너지 시그니처를 활용한 그린리모델링 효과분석 및 우선순위 선정.hwp
GR2025-10-01,2025,5,그림 그리기,최우수상,물방울 에너지 리모델링 그린유치원,손민아,도레미 어린이집,https://greenremodeling.or.kr/n1/challenge/chal7000.asp?workyy=2025&chal_part=10,https://greenremodeling.or.kr/n1/challenge/down.asp?folderName=chal_win&fileName=25122614243371583.jpg&downFileName=1. (최우수상) 물방울 에너지 그린리모델링 그린유치원(손민아_도레미어린이집).jpg | https://greenremodeling.or.kr/backoffice/down.asp?folderName=chal_win&fileName=25122614243371583.jpg&downFileName=1. (최우수상) 물방울 에너지 그린리모델링 그린유치원(손민아_도레미어린이집).jpg
GR2025-10-02,2025,5,그림 그리기,우수상,우리 모두 그린리모델링 마법!,김도연,경기초등학교,https://greenremodeling.or.kr/n1/challenge/chal7000.asp?workyy=2025&chal_part=10,https://greenremodeling.or.kr/n1/challenge/down.asp?folderName=chal_win&fileName=2512261425964429.jpg&downFileName=2. (우수상) 우리 모두 그린리모델링 마법!(김도연_경기초).jpg | https://greenremodeling.or.kr/backoffice/down.asp?folderName=chal_win&fileName=2512261425964429.jpg&downFileName=2. (우수상) 우리 모두 그린리모델링 마법!(김도연_경기초).jpg
GR2025-10-03,2025,5,그림 그리기,장려상,자연이 살고 모두가 행복한 집,임예서,천안불무초등학교,https://greenremodeling.or.kr/n1/challenge/chal7000.asp?workyy=2025&chal_part=10,https://greenremodeling.or.kr/n1/challenge/down.asp?folderName=chal_win&fileName=25122614253033834.jpg&downFileName=3. (장려상) 자연이 살고 모두가 행복한 집(임예서_천안불무초).jpg | https://greenremodeling.or.kr/backoffice/down.asp?folderName=chal_win&fileName=25122614253033834.jpg&downFileName=3. (장려상) 자연이 살고 모두가 행복한 집(임예서_천안불무초).jpg
GR2025-10-04,2025,5,그림 그리기,장려상,초록마을 우리동네 놀러오세요!,김주연,천안 불당유치원,https://greenremodeling.or.kr/n1/challenge/chal7000.asp?workyy=2025&chal_part=10,https://greenremodeling.or.kr/n1/challenge/down.asp?folderName=chal_win&fileName=25122614255153733.jpg&downFileName=4. (장려상) 초록마을 우리동네 놀러오세요!(김주연_천안 불당유치원).jpg | https://greenremodeling.or.kr/backoffice/down.asp?folderName=chal_win&fileName=25122614255153733.jpg&downFileName=4. (장려상) 초록마을 우리동네 놀러오세요!(김주연_천안 불당유치원).jpg
GR2025-30-01,2025,5,에너지 및 온실가스 저감,최우수상,Green Evolve,"이가연, 노지윤",중앙대학교,https://greenremodeling.or.kr/n1/challenge/chal7000.asp?workyy=2025&chal_part=30,"https://greenremodeling.or.kr/n1/challenge/down.asp?folderName=chal_win&fileName=25122614264156003.pdf&downFileName=1. (최우수상) Green Evolve(이가연,노지윤_중앙대).pdf"
GR2025-30-02,2025,5,에너지 및 온실가스 저감,우수상,Univ.earth,"이지민, 김명주",중앙대학교,https://greenremodeling.or.kr/n1/challenge/chal7000.asp?workyy=2025&chal_part=30,"https://greenremodeling.or.kr/n1/challenge/down.asp?folderName=chal_win&fileName=25122614271555414.pdf&downFileName=2. (우수상) Univ.earth(이지민,김명주_중앙대).pdf"
GR2025-30-03,2025,5,에너지 및 온실가스 저감,장려상,제로에너지 성능 향상을 위한 통합 그린리모델링,"조형준, 장현진",중앙대학교,https://greenremodeling.or.kr/n1/challenge/chal7000.asp?workyy=2025&chal_part=30,"https://greenremodeling.or.kr/n1/challenge/down.asp?folderName=chal_win&fileName=25122614274283628.pdf&downFileName=3. (장려상) 제로에너지 성능 향상을 위한 통합 그린리모델링(조형준,장현진_중앙대).pdf"
GR2025-30-04,2025,5,에너지 및 온실가스 저감,장려상,E-양현,"윤소연, 오승혜, 김재민, 유상길",건국대학교,https://greenremodeling.or.kr/n1/challenge/chal7000.asp?workyy=2025&chal_part=30,"https://greenremodeling.or.kr/n1/challenge/down.asp?folderName=chal_win&fileName=25122614281135042.pdf&downFileName=4. (장려상) E-양현(윤소연,오승혜,김재민,유상길_건국대).pdf"
GR2025-40-01,2025,5,홍보 슬로건 제작,최우수상,"내 집의 새로운 가치, 지구를 위해 같이!",성은혜,-,https://greenremodeling.or.kr/n1/challenge/chal7000.asp?workyy=2025&chal_part=40,"https://greenremodeling.or.kr/n1/challenge/down.asp?folderName=chal_win&fileName=25122614283855833.JPG&downFileName=01. (최우수상) 내 집의 새로운 가치, 지구를 위해 같이!(성은혜).JPG | https://greenremodeling.or.kr/backoffice/down.asp?folderName=chal_win&fileName=25122614283855833.JPG&downFileName=01. (최우수상) 내 집의 새로운 가치, 지구를 위해 같이!(성은혜).JPG"
GR2025-40-02,2025,5,홍보 슬로건 제작,우수상,"ReGreen 다시 그린 공간, 다시 그린 미래",차승빈,호서대학교,https://greenremodeling.or.kr/n1/challenge/chal7000.asp?workyy=2025&chal_part=40,"https://greenremodeling.or.kr/n1/challenge/down.asp?folderName=chal_win&fileName=2512261429807081.JPG&downFileName=02. (우수상) ReGreen 다시 그린 공간, 다시 그린 미래(차승빈_호서대).JPG | https://greenremodeling.or.kr/backoffice/down.asp?folderName=chal_win&fileName=2512261429807081.JPG&downFileName=02. (우수상) ReGreen 다시 그린 공간, 다시 그린 미래(차승빈_호서대).JPG"
GR2025-40-03,2025,5,홍보 슬로건 제작,장려상,"집을 ReGreen, 도시를 ReFresh",이원숙,-,https://greenremodeling.or.kr/n1/challenge/chal7000.asp?workyy=2025&chal_part=40,"https://greenremodeling.or.kr/n1/challenge/down.asp?folderName=chal_win&fileName=25122614292695421.JPG&downFileName=03. (장려상) 집을 ReGreen, 도시를 ReFresh(이원숙).JPG | https://greenremodeling.or.kr/backoffice/down.asp?folderName=chal_win&fileName=25122614292695421.JPG&downFileName=03. (장려상) 집을 ReGreen, 도시를 ReFresh(이원숙).JPG"
GR2025-40-04,2025,5,홍보 슬로건 제작,장려상,"그린리모델링으로, 따뜻한 주거, 건강한 지구",김선임,-,https://greenremodeling.or.kr/n1/challenge/chal7000.asp?workyy=2025&chal_part=40,"https://greenremodeling.or.kr/n1/challenge/down.asp?folderName=chal_win&fileName=25122614294282317.JPG&downFileName=04. 그린리모델링으로, 따뜻한 주거, 건강한 지구(김선임).JPG | https://greenremodeling.or.kr/backoffice/down.asp?folderName=chal_win&fileName=25122614294282317.JPG&downFileName=04. 그린리모델링으로, 따뜻한 주거, 건강한 지구(김선임).JPG"
GR2025-50-01,2025,5,정책 아이디어 발굴,최우수상,상가 건축물 그린리모델링 성능등기 및 탄소크레딧 거래제 도입 방안,"윤원재, 안남주, 안찬홍","IBK기업은행, 안암초등학교, 송양초등학교",https://greenremodeling.or.kr/n1/challenge/chal7000.asp?workyy=2025&chal_part=50,"https://greenremodeling.or.kr/n1/challenge/down.asp?folderName=chal_win&fileName=25122614492531621.pdf&downFileName=1. (최우수상) 상가 건축물 그린리모델링 성능등기 및 탄소크레딧 거래제 도입 방안(윤원재,안남주,안찬홍).pdf"
GR2025-50-02,2025,5,정책 아이디어 발굴,우수상,상상그린,"김은주, 윤진국","세종시의회, 법무부",https://greenremodeling.or.kr/n1/challenge/chal7000.asp?workyy=2025&chal_part=50,"https://greenremodeling.or.kr/n1/challenge/down.asp?folderName=chal_win&fileName=2512261451194195.pdf&downFileName=2. (우수상) 상상그린(김은주,윤진국).pdf"
GR2025-50-03,2025,5,정책 아이디어 발굴,우수상,공동체 재생 그린리모델링,고병도,(주)원에스티 미주지사,https://greenremodeling.or.kr/n1/challenge/chal7000.asp?workyy=2025&chal_part=50,https://greenremodeling.or.kr/n1/challenge/down.asp?folderName=chal_win&fileName=25122614513813984.pdf&downFileName=3. (우수상) 공동체 재생 그린리모델링(고병도).pdf
GR2025-50-04,2025,5,정책 아이디어 발굴,장려상,"그린 리본 타운, 지역특화형 에너지혁신 모델 제안",오영택,광주과학기술원,https://greenremodeling.or.kr/n1/challenge/chal7000.asp?workyy=2025&chal_part=50,"https://greenremodeling.or.kr/n1/challenge/down.asp?folderName=chal_win&fileName=2512261452550207.pdf&downFileName=4. (장려상) 그린 리본 타운, 지역특화형 에너지혁신 모델 제안(오영택).pdf"
GR2025-50-05,2025,5,정책 아이디어 발굴,장려상,에너지 연금형 그린 금융 정책,김호경,연세대학교,https://greenremodeling.or.kr/n1/challenge/chal7000.asp?workyy=2025&chal_part=50,https://greenremodeling.or.kr/n1/challenge/down.asp?folderName=chal_win&fileName=25122614522430024.pdf&downFileName=5. (장려상) 에너지 연금형 그린 금융(E-Pension Green Finance) 정책(김호경).pdf
GR2025-60-01,2025,5,(AI활용) 쇼츠 영상 제작,최우수상,"7성구를 모으는 그리닝, 미래를 살리는 그린리모델링","서영호, 송가은",경북대학교,https://greenremodeling.or.kr/n1/challenge/chal7000.asp?workyy=2025&chal_part=60,"https://greenremodeling.or.kr/n1/challenge/down.asp?folderName=chal_win&fileName=25122614301461881.mp4&downFileName=1. (최우수상) 7성구를 모으는 그리닝, 미래를 살리는 그린리모델링(서영호,송가은_경북대).mp4"
GR2025-60-02,2025,5,(AI활용) 쇼츠 영상 제작,우수상,언젠가 모든 건물이 지구력을 기르도록,지병주,-,https://greenremodeling.or.kr/n1/challenge/chal7000.asp?workyy=2025&chal_part=60,https://greenremodeling.or.kr/n1/challenge/down.asp?folderName=chal_win&fileName=25122614313983137.mp4&downFileName=2. (우수상) 언젠가 모든 건물이 지구력을 기르도록(지병주).mp4
GR2025-60-03,2025,5,(AI활용) 쇼츠 영상 제작,장려상,그린리모델링으로 바뀌는 우리의 공간,하영은,국립부경대학교,https://greenremodeling.or.kr/n1/challenge/chal7000.asp?workyy=2025&chal_part=60,https://greenremodeling.or.kr/n1/challenge/down.asp?folderName=chal_win&fileName=2512261432361536.mp4&downFileName=3. (장려상) 그린리모델링으로 바뀌는 우리의 공간(하영은_국립부경대).mp4
GR2025-60-04,2025,5,(AI활용) 쇼츠 영상 제작,장려상,그린리모델링이 정답입니다,정준후,-,https://greenremodeling.or.kr/n1/challenge/chal7000.asp?workyy=2025&chal_part=60,https://greenremodeling.or.kr/n1/challenge/down.asp?folderName=chal_win&fileName=25122614592714822.mp4&downFileName=4. (장려상) 그린리모델링이 정답입니다(정준후).mp4
GR2025-70-01,2025,5,현판 디자인,최우수상,녹색순환이 담긴 건물 G하우스,최우영,-,https://greenremodeling.or.kr/n1/challenge/chal7000.asp?workyy=2025&chal_part=70,https://greenremodeling.or.kr/n1/challenge/down.asp?folderName=chal_win&fileName=25122614524684177.jpg&downFileName=1. (최우수상) 녹색순환이 담긴 건물 G하우스(최우영).jpg | https://greenremodeling.or.kr/backoffice/down.asp?folderName=chal_win&fileName=25122614524684177.jpg&downFileName=1. (최우수상) 녹색순환이 담긴 건물 G하우스(최우영).jpg
GR2025-70-02,2025,5,현판 디자인,우수상,어울림 현판_Green Harmony,조하민,한남대학교,https://greenremodeling.or.kr/n1/challenge/chal7000.asp?workyy=2025&chal_part=70,https://greenremodeling.or.kr/n1/challenge/down.asp?folderName=chal_win&fileName=25122614531142690.png&downFileName=2. (우수상) 어울림 현판_Green Harmony(조하민).png | https://greenremodeling.or.kr/backoffice/down.asp?folderName=chal_win&fileName=25122614531142690.png&downFileName=2. (우수상) 어울림 현판_Green Harmony(조하민).png
GR2025-70-03,2025,5,현판 디자인,장려상,피어나는 그린리모델링,최진하,꽃집 청년들,https://greenremodeling.or.kr/n1/challenge/chal7000.asp?workyy=2025&chal_part=70,https://greenremodeling.or.kr/n1/challenge/down.asp?folderName=chal_win&fileName=25122614532850570.jpg&downFileName=3. (장려상) 피어나는 그린리모델링(최진하).jpg | https://greenremodeling.or.kr/backoffice/down.asp?folderName=chal_win&fileName=25122614532850570.jpg&downFileName=3. (장려상) 피어나는 그린리모델링(최진하).jpg
GR2025-70-04,2025,5,현판 디자인,장려상,그린리모델링의 가치!,유광,(주)지아이엘에스 디자인,https://greenremodeling.or.kr/n1/challenge/chal7000.asp?workyy=2025&chal_part=70,https://greenremodeling.or.kr/n1/challenge/down.asp?folderName=chal_win&fileName=25122614535027433.jpg&downFileName=4. (장려상) 그린리모델링의 가치!(유광).jpg | https://greenremodeling.or.kr/backoffice/down.asp?folderName=chal_win&fileName=25122614535027433.jpg&downFileName=4. (장려상) 그린리모델링의 가치!(유광).jpg
